Arts & Entertainment - Topic,Arts & Entertainment,Autos & Vehicles,Beauty & Fitness,Books & Literature - Topics,Books & Literature,Business & Industrial,Computers & Electronics,Finance - Topics,Finance,Food & Drinks,Games - Topics,Games,Health,Hobbies & Leisure,Home & Garden,Internet & Telecom,Jobs & Education,Law & Government,News,Online Communities,People & Society,Pets & Animals,Property,Reference,Science,Shopping,Sports,Travel
Film,youtube,apk,ipl,Book,quotes,tiktok,2023,Bank,dolar,pizza pizza,Game,lottery,dr,lottery,ikea,web,school,police,weather,facebook,matka,dog,house,translate,the,amazon,cricbuzz,to
YouTube,download,car,tattoo,Quotation,book,tracking,google,United States Dollar,usd,pizza,Lottery,games,google,dog,kitchen,whatsapp,jobs,e devlet,news,twitter,india,chat,en,google,số miền nam,nike,world cup,hotel
Song,traductor,ford,perfume,Kahoot!,kahoot,fb,word,Price,euro,restaurant,Result,game,twitch,loteria,home depot,whatsapp web,sarkari result,passport,tiempo,login facebook,मौसम,cat,apartments,translate google,xổ số miền nam,netflix,football,flights
Translation,video,toyota,ipl 2023,Instagram,story,google,samsung,Dollar,hdfc,food,Video Game,loteria,realme,lotto,paint,google,google,google,clima,wallpaper,فیلم,gpt,real,maps,java,walmart,cricket,flight
Lyrics,netflix,honda,face,Download,frases,download tiktok,free,Insurance,sbi,restaurants,Pokémon,lotto,youtube,lottery sambad,amazon,iphone,classroom,city,meteo,linkedin,google,gpt chat,houses for sale,translate to english,google,adidas,nba,train
Download,you,bmw,shampoo,Sentence,instagram,altın,apple,Euro,calculator,cake,Toto,pokemon,walgreens,christmas,light,mail,test,office,hava durumu,instagram,satta,dogs,zillow,traduction,thời tiết,google,liga,google
Video,film,mercedes,nails,Love,harry,ups,excel,Tax,dolar hoy,chocolate,2023,lottery sambad,google scholar,cat,lowes,twitter,indeed,epfo,wetter,youtube,satta matka,fish,casa,tradutor,github,ebay,ipl,booking
Music,mp3,cars,yoga,Poetry,harry potter,amazon,youtube,Stock,google,cafe,Pokémon,bet365,amazon,gpt,mattress,yahoo,education,anses,weather tomorrow,gif,love,cats,homes for sale,переводчик,net,boots,live score,barcelona
2023,google,audi,gym,Word,story download,tiktok video download,whatsapp,Credit,365,sushi,Number,quiniela,facebook,gpt chat,sofa,mail yahoo,classroom google,army,pogoda,chat,sexy,hamster,real estate,map,science,canva,nfl,weather
Television,anime,nissan,uñas,Novel,essay,youtube,laptop,Exchange rate,hdfc netbanking,telegram,Casino,หวย,herpes,หวย,leroy merlin,gmail,librus,status,天気,يوتيوب,youtube,bird,sahibinden,maps google,javascript,zara,world cup 2022,madrid
English Language,instagram,bike,piercing,Reading,instagram story,dhl,outlook,Gold,bts,food near me,Lottery Sambad,xbox,cvs,google,google,samsung,application,gov,bbc,google,prime,perro,home,quotes,calculator,oppo,premier league,skyscanner
Netflix,spotify,kia,dior,Writing,wattpad,usps,oppo,Rate,banco de venezuela,beef,Day,lotería,adhd,jogo do bicho,dyson,test speed,cbse,mg,météo,whatsapp,instagram,snake,florida,translation,stop,lego,real madrid,google flights
Episode,xsmb,hyundai,mehndi,English Language,amazon,facebook,proxy proxy,Share,سعر الدولار,starbucks,Crossword,jogo do bicho,pele,lotería,box,wordle,at,mi anses,tempo,background,satka matka,zoo,rightmove,flipkart,qr code,apple,cricket live,bali
Netflix,traductor español ingles,olx,sephora,Film,download instagram story,dow jones,switch,Currency,gold price,dominos,Download,fifa,paracetamol,happy birthday,toilet,email,ncert,whatsapp,الطقس,onet,facebook,gato,housing,hindi to english,dna,xbox,flamengo,ryanair
Netflix,disney,jeep,ipl table,PDF,google,paypal,chrome,Loan,income tax,lidl,Child,gta,translate,instagram,tile,mobile,ssc,facebook,serie a,mynet,translate,puppies,te,çeviri,youtube,costco,champions,map
Hindi,dịch,yamaha,hairstyles,Narrative,fanfiction,patria,instagram,Credit card,atm,restaurants near me,Quiniela (Argentina),toto,tiempo,birthday wishes,washing machine,outlook,academy,دیوار,previsão do tempo,meet,horoscope,horse,house for sale,traductor,sää,youtube,serie a,vuelos
Game,ютуб,suzuki,google,Short Story,quote,correios,proxy,Share price,chase,aldi,Bet365,juegos,whatsapp,loteria nacional,jysk,яндекс,resume,cnpj,livescore,icon,네이버,google,villa,ترجمة,periodic table,target,mundial,car rental
Season,facebook,fiat,mehndi design,Essay,game of thrones,whatsapp,galaxy,Online banking,office 365,restaurante,Patience,google,weather,resultado do bicho,clock,gmail login,whatsapp,youtube,bbc news,sexy,amazon,terraria,weather,แปล,brain,bon coin,sport,delta
Television show,one piece,mazda,amazon,Poem,amor,fedex,xbox,Indian Rupee,santander,google,Thai lottery,solitaire,mychart,resultado do jogo do bicho,wc,wp,facebook,nacional,today weather,images,कल का मौसम,golden,24,traduttore,translate,decathlon,sports,tiempo
Anime,яндекс,peugeot,tatuajes,Child,poetry,lidl,drive,2023,ヤフー,ice cream,Grand Theft Auto,mario,instagram,ตรวจ หวย,youtube,hotmail,cv,as,local guide program,одноклассники,satta matta matka,shark,google,google traduction,whatsapp,le bon coin,cricket score,santander
2022,musica,google,loreal,Harry Potter,love quotes,betano,camera,Calculator,credit agricole,easy,Xbox,steam,vitamin d,camera,timer,iphone 14,youtube,biden,cuaca,فيس بوك,اذان الفجر,elephant,houses for rent,tagalog to english,vrijeme,mercado libre,fifa world cup,brasil
Spanish Language,whatsapp,chevrolet,chanel,Fan fiction,youtube,shopee,amazon,Payment,wells fargo,ラーメン,Video Game Mod,powerball,24h,resultado jogo do bicho,makita,webmail,مدرستي,lula,el tiempo,facebook lite,india vs australia,tiger,realtor,pdf,kandilli rasathanesi,barbie,mlb,southwest
MP3,amazon,renault,louis vuitton,Wattpad,ff,metro,vpn,Day,курс доллара,kfc,Jogo do bicho,loto,bsn,youtube,facebook,iphone 13,kerala lottery result,inps,clima para amanhã,badoo,whatsapp,terrier,apartments for rent,übersetzer,dinosaur,ring,livescore,flight status
Meaning,shein,volvo,tatuagem,Life,cuentos,index,microsoft,Pound sterling,الدولار اليوم,mcdonalds,Chess,resultado do bicho,walmart,powerball,heat,celular,moodle,nrega,live score,youtube video,weather,rabbit,賃貸,ترجمه,facebook,marca,champions league,istanbul
Google,wp,volkswagen,pilates,Instore: Save Story and Video,syair hk,aldi,docs,Car,exchange rate,pizza hut,Word,loteria nacional,whatsapp web,amazon,walmart,facebook,indeed jobs,weather,sport,torrent,مواقيت الصلاة,chien,house for rent,مترجم,drone,sneakers,psg,maps
,,,,,,,,,,,,,,,,,,,,,,,,,,,,
RISING,RISING,RISING,RISING,RISING,RISING,RISING,RISING,RISING,RISING,RISING,RISING,RISING,RISING,RISING,RISING,RISING,RISING,RISING,RISING,RISING,RISING,RISING,RISING,RISING,RISING,RISING,RISING,RISING
2023,chatgpt,chatgpt,ipl 2023,AI Chat Open Assistant Chatbot,chatgpt,chatgpt,chatgpt,2023,oppenheimer,chatgpt,2023,ポケモン sv,chatgpt,gpt chat,smm panel,chatgpt,cbse result 2023,idaho murders,weather 10 days,chat openai,chatgpt,gpt chat,tulsa king,chatgpt,chatgpt,chatgpt,ipl 2023,france vs morocco
Wednesday,damar hamlin,tyre nichols,ipl 2023 table,Hogwarts Legacy,chat gpt,chat gpt,chat gpt,Egyptian Pound,precio del dólar hoy en méxico,9xflix com,Diablo IV,chatgpt,chat gpt,gpt,派 之 声,globe sim registration,chatgpt,chatgpt,weather this week,チャット gpt,chat gpt,gpt,knock at the cabin,chat gpt,chat gpt,zarina hashmi,al nassr,visit japan web
World Cup,openai,hyundai exter,points table ipl 2023,2023,مسلسل جعفر العمدة,chandrayaan 3,sarkari result 2023,Egypt,resultados lotto activo,shopsy,Baldur's Gate 3,samsung s23 ultra,realme c55,chat gpt login,skibidi toilet,google bard,chat gpt,salario minimo 2023,mbappe,chatgpt,salario minimo 2023,chat gpt login,chatgpt,calendário 2023,earthquake turkey,oppo a17,asia cup 2023,takeoff
Avatar,peso pluma,poco x5 pro,ipl point table 2023,Artificial intelligence,mario molina,chandrayaan-3,2023,Income Tax Office,forex factory,bibimbap,Pokémon Scarlet and Violet,movies4u,matt rife,chatgpt,janitor ai,iphone 15,cbse 10th result 2023,qatar vs ecuador,election results 2022,argentina vs paises bajos,مواقيت الصلاة للمسلمين,chatgpt,xiaomi 13,feriados 2023,kandilli rasathanesi,black friday 2022,ipl 2023 schedule,全国 旅行 支援
Taylor Swift,glass onion,ken block,世 足,Aadhaar,ali cabbar,smm panel,samsung s23,Lottery,lotto activo,kundalik com,The Legend of Zelda: Tears of the Kingdom,super mario movie,cocaine bear,happy new year 2023,gadar 2,iphone 15 pro max,cpns 2023,calendario mundial qatar 2022,ryan gosling,chat gpt,friendship day 2023,gpt 4,lindsay clancy,calendario 2023,perplexity,adidas samba,wimbledon 2023,connections
Poki,barbie movie,takeoff,chatgpt,Horse,all quiet on the western front,honkai star rail,wpl,Banco de Venezuela,سعر الدولار مقابل الجنيه المصري,the menu,Baldur's Gate,john wick 4,realme 10 pro,tour de france 2023,chat gpt,lich thi đâu woncup,نتائج الثالث متوسط 2023 الدور الاول,bryan kohberger,election results,чат gpt,10 दिनों का मौसम,chat gpt 4,renta ciudadana,kalender 2023,onpassive ecosystem,dp boss,jadwal piala dunia,morocco
Sports betting,xewe,チェンソー マン,miss universo 2023,connect,sunder nursery,kantara,calendar 2023,Malaysian Ringgit,epfo passbook,,FIFA,aposta ganha,degloved face,ramadan 2023,wc 2022,chatgpt app,mcw,george santos,clima de hoy,chat got,anime sama,chat gpt app,وي سينما,乗換 案内,openai,call bomber,jadwal piala dunia 2022,cathay pacific
Gambling,kantara,ssc login,miss universe 2023,Edgar Allan Poe,robbie coltrane,betano,oppo a17,Singapore Dollar,riyal to pkr,,Call of Duty: Modern Warfare II,john wick,mcw,eid ul adha 2023,blue lock,snapchat web,jonathan majors,erdbeben türkei,clima hoy,the watcher,कल का मौसम,chat,nina agdal,ginny and georgia,kandilli deprem,barbie,leagues cup,長榮 航空
Fast & Furious,croxyproxy youtube,kick,chat gpt,Abstract,love and death,mbappe,calendar ortodox 2023,Employees Provident Fund Organisation,سعر الريال السعودي,,John Wick,bard,the good nurse,takeoff,человек бензопила,iphone 14 plus,vacances scolaires 2023,bono alimentario,flashscore mobi,paises bajos,дзен,yalı çapkını,bcv,kundalik com ga kirish,chatbot gpt,microsoft rewards,piala dunia,brazil
Telugu cinema,ایتا وب,ssc mts,jenna ortega,Instore: Save Story and Video,dibu martinez,sss tiktok,proxifier,Japanese Yen,سعر الذهب,,Call of Duty: Modern Warfare 2,nadim togel,rsv,ganesh chaturthi 2023,ruby franke,iphone 14 pro,ssc nic in,qatar 2022,ایرانخودرو,shbet,india vs australia,すずめ の 戸締り,betist,babylon,perplexity ai,vix,jadwal piala dunia hari ini,карта повітряних тривог
Spotify,youcine,ssc,ipl final 2023,Franz Kafka,ana castela,granja millonaria,memorial day 2023,South African Social Security Agency,سعر الذهب اليوم,,EA SPORTS FIFA 23,blooket play,insidious,bank holidays 2023,chainsaw man,scarlet,u31,sscasn bkn go id,psl,hugging face,मौसम,travis kelce,wrexham,capcut template,khi anh chạy về phía em,transformers,inter miami,love holidays
Concert tour,avatar 2,viper play,creed 3,MLA Handbook,kemal kılıçdaroğlu,hektaş hisse,sarkari result,Chinese Yuan,gst portal,,Diablo,gamemania,pele,fete des meres 2023,pear deck,iphone 14 pro max,shiksha portal,murdaugh murders,tabela serie a,r download,عرب سيد,shark flexstyle,인생 도박,translate tagalog to english correct grammar,air quality near me,canva,argentina vs australia,viva aerobus
Woman,ant man,bmw xm,rare beauty,,revista oeste,ja morant,pixel 7 pro,Currency black market,اسعار الذهب اليوم,,God of War,luna togel,tadalafila,demo slot pg,pak vs afg,iphone 14,نتائج الثالث متوسط,jan soochna portal,flashscore mobile,download video ig,누누,stable diffusion,กรม บังคับ คดี,congo bet,kandilli rasathanesi ve deprem araştırma enstitüsü,yu,fifa world cup,msc cruises
,leslie jordan,mod combo,ipl point table,,enola holmes,bgmi,pedro pascal,Savings account,nse option chain,,World Cup,blooket,pw,ตรวจ หวย 16 พฤษภาคม 2566,얀 덱스,sip calculator,پیشخوان مجازی رسالت,tv publica,flashscore,stetson bennett,누누 티비,elephant bet,outer banks cast,quillbot,afad deprem,ugg,super bowl 2023,maui
,black adam,قیمت روز خودرو,david goggins,,bato,descargar videos de tiktok,igram,Saudi Riyal,betpawa ug,,The Legend of Zelda,hollywoodbets mobile,ashwagandha,easter 2023,wc,gomovies,sarkari network,jan soochna,فيسبوك,achraf hakimi,migos,resultados de los animalitos,outer banks,canva,oppenheimer,كوره لايف,fifa world cup 2022,google flight
,tina turner,sigma,taper fade,,his dark materials,tmo,croxy proxy youtube,Dirham,سعر الدولار اليوم,,Mario Bros.,mario bros,ابلاغیه الکترونیکی,anime sama,shein,w88,pw,north korean leader kim jong un,,sss facebook,ママスタ セレクト,lyle lyle crocodile,renta 2022,deepl translate,pedro pascal,озон,world cup qatar 2022,breeze airways
,taylor swift,3d result today,ipl final,,shantaram,harem altın,jebol togel,Indonesian Rupiah,الدولار اليوم,,Poki,powerball numbers,canva,travis kelce,layar kaca 21,google chat,kerala jackpot result,paro de colectivos,,sscn bkn,melanie martinez,resultados de animalitos,e sorec,urdu to english,robert oppenheimer,,world cup fixtures,truist
,samagra portal,مخالفات المرور,low fade,,ver historias de instagram,viva aerobus,instagram video downloader,Thai Baht,euro to pkr,,Powerball,apuesta total,,elephant bet,groww,яндекс дзен,canva,deep state,,cinnamoroll,poki games,resultado de los animalitos,суточно ру,,white lotus,,ワールド カップ,princess cruises
,avatar,xrp,creed,,hagrid,credit suisse,blooket join,Passbook,pound to pkr,,Hollywoodbets,winner bet,,resultados de los animalitos,floor & decor,google photo,income tax,madeleine mccann,,descargar videos de instagram,hanuman chalisa,resultados animalitos,lampedusa,,2029,,dünya kupası,楽天 トラベル
,mission impossible,,creed 2,,سروش,kèo nhà cái,ibomma,Pakistani Rupee,سعر الدولار اليوم في مصر,,World of Warcraft: Wrath of the Lich King,betway login,,ตรวจ หวย 16 พฤศจิกายน 2565,ar condicionado portatil,sms bomber,quillbot,load shedding,,baixar video do instagram,mandalorian,drunk elephant,vicinity,,inteligencia artificial,,world cup 2022 fixtures,えきねっと
,andrew tate,,bhulekh up,,quotex,india post tracking,instagram downloader,Pound,datos lotto activo,,Kerala,jackpot result,,powerball drawing,,creator studio,ignou result,ctet. nic. in,,baixar video instagram,ibomma,resultado de animalitos,başakşehir,,shrinking,,copa do mundo,
,vegamovies,,recarga nequi,,kang the conqueror,alcaraz,wordle hint,Australian Dollar,dolar hoy,,Super Mario Bros.,google minesweeper,,slot demo,,gmail inbox,فیش حقوقی فرهنگیان,uscis login,,nikola jokic,canva,star pets,jio tv,,وضعیت هوای فردا,,world cup 2022,
,jinx,,vivienne westwood,,edgar allan poe,sncf connect,đá gà trực tiếp,Punjab National Bank,dolar blue hoy,,Hollywoodbets,yok togel,,instagram reels downloader,,سامانه یکپارچه خودرو,rashford,rahul gandhi,,descargar video de instagram,satka matka,capibara,,,air quality,,copa do mundo 2022,
,estrela bet,,pilates,,story download,tubi,فیلتر شکن قوی,Japan,dolar a peso,,Clever,hollywoodbets login,,reel download,,canva,mjpru,conectividade v2,,jokic,islamic prayer times,borzoi,,,sparx maths,,al hilal,
,instagram video download,,castor oil,,blooket,,oppo a57,,pound to inr,,,betano,,passiflora caerulea,,,brasileiro,epfo login,,cet cell,dpboss,adopt me values,,,geometry spot,,coupe du monde 2022,